filename,url,subtitle,meta_description,appliance_type,symptoms,parts_mentioned,headings
bosch-dishwasher-e15-error-code.json,https://www.partselect.com/blog/bosch-dishwasher-e15-error-code/,Quick Fixes for Your Leaking Dishwasher,"The E15 code on your Bosch dishwasher indicates water in the base pan underneath, due to door seal, inlet valve, or hose issues. Follow our guide to fix it.",blog_article,What Does the E15 Error Code Mean on a Bosch Dishwasher?; What Causes the E15 Error Code on a Bosch Dishwasher?; How to Fix the E15 Error Code on a Bosch Dishwasher; How to Hard Reset a Bosch Dishwasher to Fix the E15 Error Code; How to Remove Water from a Bosch Dishwasher to Fix the E15 Error Code; How to Inspect a Bosch Dishwasher Door Seal to Fix the E15 Error Code; How to Inspect a Bosch Dishwasher Water Inlet Valve to Fix the E15 Error Code; How to Inspect a Bosch Dishwasher Hose to Fix the E15 Error Code; How to Reset the Bosch Dishwasher Safety Switch to Fix the E15 Error Code,Replacement seals; new water valve; replacement hoses; safety switch; home improvement guides,What Does the E15 Error Code Mean on a Bosch Dishwasher?; What Causes the E15 Error Code on a Bosch Dishwasher?; How to Fix the E15 Error Code on a Bosch Dishwasher; How to Hard Reset a Bosch Dishwasher to Fix the E15 Error Code; How to Remove Water from a Bosch Dishwasher to Fix the E15 Error Code; How to Inspect a Bosch Dishwasher Door Seal to Fix the E15 Error Code; How to Inspect a Bosch Dishwasher Water Inlet Valve to Fix the E15 Error Code; How to Inspect a Bosch Dishwasher Hose to Fix the E15 Error Code; How to Reset the Bosch Dishwasher Safety Switch to Fix the E15 Error Code
bosch-dishwasher-e22-error-code.json,https://www.partselect.com/blog/bosch-dishwasher-e22-error-code/,Clear Dishwasher Blockages and Drainage Issues,The Bosch dishwasher E22 error code indicates that the filter is blocked and water is unable to drain. Learn how to clean the filter to resolve this error.,blog_article,How to Clean the Dishwasher Filter to Fix the Bosch E22 Error; How to Clear a Blocked Drain Hose to Fix the Bosch E22 Error; How to Clear a Blocked Drain Pump to Fix the Bosch E22 Error,,Blocked Bosch Dishwasher Filter; How to Remove the Filter in a Bosch Dishwasher; How to Clean the Dishwasher Filter to Fix the Bosch E22 Error; Blocked Bosch Dishwasher Drain Hose; How to Clear a Blocked Drain Hose to Fix the Bosch E22 Error; Blocked Bosch Dishwasher Drain Pump; How to Clear a Blocked Drain Pump to Fix the Bosch E22 Error
bosch-dishwasher-e24-error-code.json,https://www.partselect.com/blog/bosch-dishwasher-e24-error-code/,Here's Why Your Dishwasher Won't Drain,Use this easy Bosch dishwasher guide to learn the most common causes of the E24 error like drain blockages and faulty pumps and how to quickly resolve them.,blog_article,What Is the Most Likely Cause of The E24 Error for New Bosch Dishwasher Owners?; What are the Most Common Causes of the Bosch E24 Error?; How to Address the Bosch E24 Error if the Steps Above Are Not Working; How to Maintain Your Bosch Dishwasher and Prevent Future Errors,,What Is the Most Likely Cause of The E24 Error for New Bosch Dishwasher Owners?; What are the Most Common Causes of the Bosch E24 Error?; Dirty Filter; How to Clear a Blockage in the Filter; Blocked/Kinked Drain Hose; How to Clear a Blockage in the Drain Hose; Blocked Drain Pump; How to Clear a Blockage in the Drain Pump; Loose Pump Cover; How to Check the Pump Cover; Blocked Air Gap; How to Clear a Blockage in the Air Gap; How to Address the Bosch E24 Error if the Steps Above Are Not Working; How to Maintain Your Bosch Dishwasher and Prevent Future Errors
bosch-dishwasher-not-starting-and-red-light.json,https://www.partselect.com/blog/bosch-dishwasher-not-starting-and-red-light/,Quick Fixes for a Blinking Red Light and a Non-Starting Dishwasher,A non-starting Bosch dishwasher with a blinking red light can indicate a door latch issue. Learn the causes and how to fix it yourself with this practical guide.,blog_article,What Does a Flashing Red Light Mean on a Bosch Dishwasher That Won't Start?,door latch,"What Does a Flashing Red Light Mean on a Bosch Dishwasher That Won't Start?; Why Is Your Bosch Dishwasher Not Starting?; How to Fix a Bosch Dishwasher That Is Not Starting; Resetting a Bosch Dishwasher; Disabling the Child Lock on a Bosch Dishwasher; Inspecting, Testing, and Replacing the Door Latch Assembly on a Bosch Dishwasher"
dishwasher-cycle-guide.json,https://www.partselect.com/blog/dishwasher-cycle-guide/,"Which is best for cleaning your dishes, and how long does it take?","Learn about the most common dishwasher cycles, how long they run, and when to use each one to get the best clean and energy savings from your dishwasher.",blog_article,,dishwasher repair guides; OEM dishwasher parts,Tips for Getting the Best Results from Your Dishwasher; Common Dishwasher Cycles and Their Function; What is a Rinse Cycle on a Dishwasher?; What is a Quick Cycle on a Dishwasher?; What is a Normal Cycle on a Dishwasher?; What is an Eco Cycle on a Dishwasher?; What is Auto Mode on a Dishwasher?; What is a Heavy Cycle on a Dishwasher?; Additional Dishwasher Options; What is the Sanitize Option on a Dishwasher?; What are the Different Drying Options on a Dishwasher?; What is the Delay Start Option on a Dishwasher?
dishwasher-safe-items.json,https://www.partselect.com/blog/dishwasher-safe-items/,"Sports equipment, toys, hats, hubcaps and more! Plus, some items to beware of...","Sporting equipment, hats, keyboards, and other unconventional items like toys and hubcaps can all be cleaned in your dishwasher! Plus, we answer the question, are Yetis and Hydroflasks dishwasher-safe?",blog_article,,,"Car hubcaps and wheel covers; Baseball hats; Keyboards; Child/pet toys; Plastic flip flops, rubber boots, and even Crocs; Sporting equipment; Plastic, metal and glass wall shelving, refrigerator shelving, and storage bins; Hand tools and garden tools; Broom head and dustpan; Household fans; Items That Surprisingly May Not Go in The Dishwasher; Travel Mugs and Flasks; Tupperware and Plastic Containers"
dishwasher-stopping-mid-cycle.json,https://www.partselect.com/blog/dishwasher-stopping-mid-cycle/,These three common problem areas may be the reason!,Get your dishwasher back to normal by checking these three most common problem areas.,blog_article,,dishwasher parts.,Reason One: Door Latch Assembly; Reason Two: Door Catch; Reason Three: Control Board
fix-broken-refrigerator-ice-maker.json,https://www.partselect.com/blog/fix-broken-refrigerator-ice-maker/,A guide to fixing all fridge ice makers,"Learn how to easily fix a broken refrigerator ice maker, from fixes that take less than a minute, to more part-related repairs that may require more attention!",blog_article,,PartSelect water filter finder!; PartSelect refrigerator switch inventory; OEM water inlet valve; PartSelect fridge dispenser inventory; control board; home improvement and appliance error code; PartSelect.com,Quick Ice Maker Fixes; Parts to Examine to Fix Your Ice Maker; How to Replace a Clogged or After-Market Water Filter; How to Replace a Broken Fridge Door Switch; How to Replace a Refrigerator Water Inlet Valve; How to Fix a Broken Fridge Ice Dispenser Actuator; Why is My Ice Maker is Still Not Working?
fix-dishwasher-that-wont-start.json,https://www.partselect.com/blog/fix-dishwasher-that-wont-start/,"No need for a technician, just follow this guide","We will show you how to fix a dishwasher that won't start by checking a few key parts including the drive motor, thermal fuse, door latch, timer, and electronic control. Get up and running again with our testing guide.",blog_article,,,Door Latch Or Door Latch Switch; Timer or Electronic Control; Selector Switch; Motor Start Relay; Thermal Fuse; Drive Motor
fix-noisy-dishwasher.json,https://www.partselect.com/blog/fix-noisy-dishwasher/,6 Common Causes Resolved,"Is your dishwasher noisy when it runs? This guide will show you some of the common sounds dishwashers make, and help you diagnose the cause!",blog_article,,YouTube Channel; Shop Now >,Grinding Sounds; Thumping Sounds; Loud Buzzing Sounds; Squealing or Continuous Droning Sounds; Scraping Sounds; Beeping Sounds; Wrap-Up
frigidaire-refrigerator-h1-hi-error-code.json,https://www.partselect.com/blog/frigidaire-refrigerator-h1-hi-error-code/,A comprehensive Frigidaire fridge troubleshooting guide,"Frigidaire refrigerator showing error H1/HI? That means its internal temperature is too high, and we'll show you which parts you'll need to replace to fix it!",blog_article,Frigidaire Error Codes H and HI; How To Troubleshoot Frigidaire Refrigerator Error Code H1; How To Inspect Frigidaire Fridge Condenser Coils to Fix an H1 Error; How To Reset a Frigidaire Refrigerator to Solve H1 Error; How To Replace a Fridge Door Seal to Fix an H1 Error; How To Replace a Frigidaire Fridge Damper to Fix an H1 Error; How To Replace a Frigidaire Defrost Timer to Solve an H1 Error; How To Replace a Frigidaire Defrost Thermostat to Fix an H1 Error; Conclusion: When Do You Call a Technician for an H1 Error?,Frigidaire’s own website; wide range of Frigidaire door seals; variety of fridge parts; OEM Frigidaire timers; OEM Frigidaire refrigerator thermostats; other blogs,What Is Frigidaire Refrigerator Code H1?; Frigidaire Error Codes H and HI; How To Troubleshoot Frigidaire Refrigerator Error Code H1; Keep The Door Shut; Eliminate Frost Build-Up; Troubleshoot Individual Parts; How To Inspect Frigidaire Fridge Condenser Coils to Fix an H1 Error; How To Reset a Frigidaire Refrigerator to Solve H1 Error; How To Replace a Fridge Door Seal to Fix an H1 Error; How To Replace a Frigidaire Fridge Damper to Fix an H1 Error; How To Replace a Frigidaire Defrost Timer to Solve an H1 Error; How To Replace a Frigidaire Defrost Thermostat to Fix an H1 Error; Conclusion: When Do You Call a Technician for an H1 Error?
frigidaire-refrigerator-sy-ef-error-code.json,https://www.partselect.com/blog/frigidaire-refrigerator-sy-ef-error-code/,Simple Fixes for a Frigidaire Fridge That Will Not Cool,The SY EF/5Y EF code on your Frigidaire fridge is a 'System Evaporator Fault.' This guide shows you how to troubleshoot the parts in the evaporator fan circuit.,blog_article,What Does the SY EF / 5Y EF Error Mean on a Frigidaire Refrigerator?; What Will You Notice With the SY/5Y EF Error?; What Is the SY/5Y EF Error Caused By?; Troubleshooting Guide to Fix a SY/5Y EF Error on a Frigidaire Refrigerator; How to Troubleshoot the Evaporator Fan to Fix a SY/5Y EF Error; How to Troubleshoot the Evaporator Fan Motor to Fix a SY/5Y EF Error; How to Troubleshoot the Main Control Board to Fix a SY/5Y EF Error; Preventing Future SY/5Y EF Errors on a Frigidaire Refrigerator,evaporator fans.; evaporator fan motors.; main control boards.,What Does the SY EF / 5Y EF Error Mean on a Frigidaire Refrigerator?; What Will You Notice With the SY/5Y EF Error?; What Is the SY/5Y EF Error Caused By?; Troubleshooting Guide to Fix a SY/5Y EF Error on a Frigidaire Refrigerator; Safety Precautions; Things to Check; How to Troubleshoot the Evaporator Fan to Fix a SY/5Y EF Error; How to Inspect and Replace the Evaporator Fan on a Frigidaire Refrigerator; How to Troubleshoot the Evaporator Fan Motor to Fix a SY/5Y EF Error; How to Inspect the Evaporator Fan Motor on a Frigidaire Refrigerator; How to Test and Replace the Evaporator Fan Motor on a Frigidaire Refrigerator; How to Troubleshoot the Main Control Board to Fix a SY/5Y EF Error; How to Inspect the Main Control Board on a Frigidaire Refrigerator; How to Test and Replace the Main Control Board on a Frigidaire Refrigerator; Preventing Future SY/5Y EF Errors on a Frigidaire Refrigerator; Maintain Proper Ventilation; Inspect the Door Gaskets; Defrost the Freezer When Needed
ge-dishwasher-leaking-from-bottom.json,https://www.partselect.com/blog/ge-dishwasher-leaking-from-bottom/,"Pump, seal, drain hose - we'll fix it all!","Learn more on how to fix your GE dishwasher if it's leaking from the bottom, and how to replace its door seal, drain hose, filter, pump, inlet valve and more!",blog_article,Why is my GE Dishwasher Leaking from the Bottom of the Door?; How to Fix a Leaking GE Dishwasher; How to Prevent Future Leaks in Your GE Dishwasher,dishwasher door gaskets; GE dishwasher filter; GE dishwasher's inlet valve; GE dishwasher float switch; GE dishwasher pumps; dishwasher hose; PartSelect blog,Why is my GE Dishwasher Leaking from the Bottom of the Door?; How to Fix a Leaking GE Dishwasher; How to Replace a Damaged or Torn Door Gasket in a GE Dishwasher; How to Replace a Clogged Filter in a GE Dishwasher; How to Replace a Broken Water Inlet Valve in a GE Dishwasher; How to Replace the Float and Float Switch in a GE Dishwasher; How to Change a Pump in a GE Dishwasher; How to Replace a GE Dishwasher Drain or Fill Hose; How to Prevent Future Leaks in Your GE Dishwasher
ge-dishwasher-no-power-no-lights.json,https://www.partselect.com/blog/ge-dishwasher-no-power-no-lights/,A GE Dishwasher Troubleshooting Guide,"Learn what to do when you GE dishwasher won't turn on, or has no touchpad lights working. Our DIY repair guide will help you troubleshoot these power problems!",blog_article,,GE dishwasher control and circuit boards; GE dishwasher touchpads; GE dishwasher panels; PartSelect Repair Center; PartSelect blog.,Why Does Your GE Dishwasher Have No Power or Lights?; GE Dishwasher Has No Power or Lights - What First?; GE Dishwasher Power Issues; Check Your Wall Outlet; GE Dishwasher No Power or Lights; How to Diagnose Your GE Dishwasher; How to Fix Your GE Dishwasher Control Board; How to Fix Your GE Dishwasher Touchpad; GE Dishwasher Still Has No Power or Lights
ge-refrigerator-tf-tc-code.json,https://www.partselect.com/blog/ge-refrigerator-tf-tc-code/,A step-by-step guide for GE Refrigerators,"In GE fridges, tF stands for TurboFreeze and tC for TurboCool. These settings quickly change the temperature. Learn how to use them with these tips and tricks.",blog_article,,how-to guides,What Do the tF and tC Codes Mean on GE Refrigerators?; What is the TurboFreeze (tF) Mode on GE Refrigerators?; What is the TurboCool (tC) Mode on GE Refrigerators?; How Do the tF and tC Settings Work on GE Refrigerators?; How to Use the tF and tC Settings on GE Refrigerators; How to Use the tF Setting; How to Use the tC Setting; Considerations to Using the tF and tC Settings on GE Refrigerators
how-to-clean-a-bosch-dishwasher.json,https://www.partselect.com/blog/how-to-clean-a-bosch-dishwasher/,"Get rid of dishwasher smells, limescale, and tough stains","Learn the most efficient way to clean your Bosch dishwasher filter, spray arms, tub, and door seals to get rid of smells and keep your dishes clean.",blog_article,,replacement dishwasher filter; replacement door seal,How to Clean a Bosch Dishwasher Exterior; How to Remove Dishwasher Smells and Limescale Using Vinegar and Baking Soda; How to Clean a Bosch Dishwasher Filter; How to Clean Bosch Dishwasher Spray Arms; How to Clean Bosch Dishwasher Door Seals; How to Maintain Your Bosch Dishwasher
how-to-clean-whirlpool-dishwasher-filter.json,https://www.partselect.com/blog/how-to-clean-whirlpool-dishwasher-filter/,Clean your Whirlpool dishwasher's filter today!,"Learn how to remove and clean your Whirlpool dishwasher's filter, and the signs that the filter is full, so you can protect parts like the drain pump and hose.",blog_article,,Whirlpool dishwasher's filter; PartSelect blog articles,What Does a Dishwasher Filter Do?; What Materials You'll Need to Clean Your Dishwasher's Filter; How to Clean Your Whirlpool Dishwasher’s Filter; Cleaning a Removable Whirlpool Dishwasher Filter With No Tools; Cleaning a Removable Whirlpool Dishwasher Filter With Tools; How to Clean a Whirlpool Dishwasher without a Removable Filter; How to Keep Your Whirlpool Dishwasher Filter Clean; Regular Cleaning; Clean Small Crevices; Use a Dishwasher Filter Cleaning Solution; Replace Your Whirlpool Dishwasher Filter
how-to-fix-a-torn-refrigerator-door-seal.json,https://www.partselect.com/blog/how-to-fix-a-torn-refrigerator-door-seal/,A Complete DIY Guide to Door Seal Issues,"Learn how to repair a torn refrigerator door seal with our step-by-step guide. From cleaning to applying the right sealant, here's how to perform a quick DIY repair.",blog_article,,replace the door seal,How to Check for Door Seal Failure; How to Clean a Refrigerator Door Seal; How to Repair a Torn Refrigerator Door Seal; How to Replace a Torn Refrigerator Door Seal
how-to-fix-frigidaire-dishwasher-not-draining.json,https://www.partselect.com/blog/how-to-fix-frigidaire-dishwasher-not-draining/,Discover the Common Signs of a Drainage Problem and How to Troubleshoot,"Discover step-by-step instructions on troubleshooting and fixing a Frigidaire dishwasher that won't drain. Check the filter, drain pump, hose, and more.",blog_article,,OEM Frigidaire dishwasher filters; OEM Frigidaire drain valve,Signs Your Frigidaire Dishwasher is Not Draining Properly; How a Clogged Frigidaire Dishwasher Filter Causes Poor Drainage; How to Clean a Blocked Filter to Fix Drainage Issues; How a Blocked Frigidaire Dishwasher Drain Hose Causes Poor Drainage; How to Clean a Blocked Drain Hose to Fix Drainage Issues; How a Blocked Frigidaire Dishwasher Drain Pump Causes Poor Drainage; How to Clean a Blocked Drain Pump to Fix Drainage Issues; How a Blocked Dishwasher Garbage Disposal Causes Poor Drainage; How to Clean a Blocked Garbage Disposal to Fix Drainage Issues; How a Clogged Dishwasher Air Gap Causes Poor Drainage; How to Clean the Air Gap to Fix Drainage Issues; How a Faulty Frigidaire Dishwasher Check Valve Causes Poor Drainage; How to Clean and Replace the Check Valve to Fix Drainage Issues; How a Faulty Frigidaire Drain Solenoid Kit and Drain Valve Causes Poor Drainage; How to Replace Drain Solenoid Kit and Drain Valve to Fix Drainage Issues
how-to-load-your-dishwasher.json,https://www.partselect.com/blog/how-to-load-your-dishwasher/,We'll show you some of our top tips for loading your dishwasher,Use our our tips and tricks to learn how to make sure your dishes come out clean and shiny every time which can save you time AND money!,blog_article,,Save; dishwasher parts.,Bottom Rack; Cutlery Basket; Upper Rack; Bonus Tips; Properly vs. Improperly Loaded Dishwasher: How Much Difference Does It Make?
how-to-put-a-lock-on-a-refrigerator.json,https://www.partselect.com/blog/how-to-put-a-lock-on-a-refrigerator/,A guide to choosing and using fridge safety locks,"Putting a lock on your fridge can keep your family safe. Learn the steps to select, install, and care for the right lock with these expert tips.",blog_article,,how-to guides,Can You Put a Lock on a Refrigerator?; Types of Locks for a Refrigerator; How to Choose the Right Lock for a Refrigerator; How to Put a Lock on a Refrigerator; How to Maintain a Lock on a Refrigerator
how-to-remove-dishwasher.json,https://www.partselect.com/blog/how-to-remove-dishwasher/,A Start-to-Finish DIY Guide,"Learn how to remove your dishwasher with ease. This guide will show you how to disconnect its water and power connections, and uninstall it using basic hand tools.",blog_article,What should I do if water leaks during the removal process?,replacement hose; home improvement guides,Reasons for Removing a Dishwasher; FAQs About Removing a Dishwasher; Can I remove my dishwasher by myself?; What should I do if water leaks during the removal process?; How do I dispose of my old dishwasher?; How to Remove a Dishwasher; Tools Needed to Remove a Dishwasher; Step 1: Turn Off the Power; Step 2: Turn Off the Water Supply; Step 3: Disconnect the Water Supply Hose; Step 4: Disconnect the Drain Hose; Step 5: Remove the Mounting Brackets; Step 6: Lower the Legs; Step 7: Slide Out the Dishwasher; Step 8: Final Disconnections
how-to-replace-lg-refrigerator-water-filter.json,https://www.partselect.com/blog/how-to-replace-lg-refrigerator-water-filter/,What you need for good tasting and smelling water!,"Whether your LG refrigerator has an inline, twist to remove, or pull down water filter, this guide is here to show you how and why you need to replace it today!",blog_article,,PartSelect's water filter finder!; PartSelect blog; PartSelect's wide-range of OEM parts,How to Replace the Different Types of LG Refrigerator Water Filters; Inline Water Filter; Twist to Remove Water Filter; Pull Down Water Filter; Frequently Asked Questions About Water Filters; Are generic water filters OK to use?; How often do I need to change my LG refrigerator's water filter?; Can you replace an LG refrigerator water filter without turning off water?; How do I reset my LG refrigerator after installing a new water filter?
how-to-reset-a-bosch-dishwasher.json,https://www.partselect.com/blog/how-to-reset-a-bosch-dishwasher/,A Step-by-Step Guide to Getting Your Bosch Dishwasher Running Again!,"A step-by-step guide to resetting a Bosch dishwasher. Learn what errors and issues a reset can fix, how to do a soft reset, and how to do a hard reset.",blog_article,,OEM Bosch dishwasher parts,Reasons to Reset a Bosch Dishwasher; Soft Reset for Bosch Dishwasher; What Does a Soft Reset Do?; How to Perform a Soft Reset on a Bosch Dishwasher:; Hard Reset for Bosch Dishwasher; What Does a Hard Reset Do?; How to Perform a Hard Reset on a Bosch Dishwasher:
how-to-reset-a-frigidaire-refrigerator.json,https://www.partselect.com/blog/how-to-reset-a-frigidaire-refrigerator/,Learn When and Why to Reset Your Fridge,"Discover how to reset your Frigidaire fridge! Learn when and why this simple fix can solve common issues, from temperature fluctuations to electronic glitches.",blog_article,,Frigidaire refrigerator parts,When to Reset Your Frigidaire Fridge; Two Methods to Reset Your Frigidaire Fridge; 1. Use the Reset Button or Crush Button on Your Frigidaire Fridge; 2. Turn Off the Circuit Breaker for Your Frigidaire Fridge
how-to-reset-a-whirlpool-dishwasher-guide.json,https://www.partselect.com/blog/how-to-reset-a-whirlpool-dishwasher-guide/,A Quick Step-by-Step Guide,"Learn how to reset your Whirlpool dishwasher and activate the diagnostic mode to resolve minor issues, clear error codes, and restore peak performance.",blog_article,,Whirlpool Dishwasher Parts,How to Soft Reset a Whirlpool Dishwasher; How to Hard Reset a Whirlpool Dishwasher; How to Reset the Control Board on a Whirlpool Dishwasher; How to Activate Diagnostic Mode on a Whirlpool Dishwasher
how-to-reset-ge-dishwasher.json,https://www.partselect.com/blog/how-to-reset-ge-dishwasher/,We walk you through 4 different reset methods step-by-step,"Learn how to reset your GE dishwasher to fix any part or power related issues that it may be experiencing, to get your dishwasher back to working condition!",blog_article,,PartSelect GE dishwasher inventory; GE dishwasher no power or lights guide; PartSelect blog,Why Do I Need to Reset My GE Dishwasher?; How Do You Reset a GE Dishwasher?; GE Dishwasher Reset Button; Disconnect and Reconnect Power to GE Dishwasher; GE Dishwasher Kick Plate Reset Switch or Button; Enabling Service Mode on Your GE Dishwasher; GE Dishwasher is Reset But Still Not Working
lg-dishwasher-ae-error-code.json,https://www.partselect.com/blog/lg-dishwasher-ae-error-code/,AE/E1 Common Causes and Solutions,The LG dishwasher AE error signals that there is a leak in your dishwasher and the float switch has been activated. Learn how to fix it and clear the AE code.,blog_article,How Using Detergent Incorrectly Can Cause the AE Error; How an LG Dishwasher That is Not Level Cause the AE Error; How a Faulty LG Dishwasher Door Gasket can Cause the AE Error; How a Faulty LG Dishwasher Float Sensor can Cause the AE Error; How a Faulty LG Dishwasher Spray Arm can Cause the AE Error; How a Faulty Water Inlet Valve can Cause the AE Error,replacement door gasket; LG dishwasher parts,How Using Detergent Incorrectly Can Cause the AE Error; How an LG Dishwasher That is Not Level Cause the AE Error; How a Faulty LG Dishwasher Door Gasket can Cause the AE Error; How to Replace the Door Gasket in Your LG Dishwasher; How a Faulty LG Dishwasher Float Sensor can Cause the AE Error; How to Test the Float Sensor; How to Replace the Float Sensor in Your LG Dishwasher; How a Faulty LG Dishwasher Spray Arm can Cause the AE Error; How to Replace the Spray Arm in an LG Dishwasher; How a Faulty Water Inlet Valve can Cause the AE Error; How to Replace the Water Inlet Valve in an LG Dishwasher
refrigerator-compressor-getting-hot.json,https://www.partselect.com/blog/refrigerator-compressor-getting-hot/,Common Causes and Fixes for an Overheating Compressor,"Discover why your refrigerator compressor is hot and learn how to fix it with ease. From dirty coils to low refrigerant levels, we’ve covered it all.",blog_article,,replace the refrigerator thermostat; new refrigerator fan motor,What Does the Compressor Do in a Refrigerator?; How Dirty Refrigerator Condenser Coils Lead to a Hot Compressor; How to Clean Condenser Coils to Fix a Hot Compressor; How a Faulty Refrigerator Thermostat Leads to a Hot Compressor; How to Replace a Thermostat to Fix a Hot Compressor; How a Faulty Refrigerator Condenser Fan Motor Leads to a Hot Compressor; How to Replace a Fridge Fan Motor to Fix a Hot Compressor; How an Overloaded Refrigerator Leads to a Hot Compressor; How to Store Food Items to Prevent Overheating Compressor; How Low Voltage Supply to a Refrigerator Leads to a Hot Compressor; How to Check for Loose Wiring Near Refrigerator Compressor; How a Poorly Positioned Refrigerator Leads to a Hot Compressor; How Low Refrigerant Levels Lead to a Hot Compressor
refrigerator-humming-noise.json,https://www.partselect.com/blog/refrigerator-humming-noise/,Fix the hum in your fridge!,"Learn more about why hearing humming, buzzing, and rattling noises from your refrigerator aren't as bad as you think, but some noises should make you concerned!",blog_article,,general how-to guide; OEM refrigerator evaporator fan motors; OEM refrigerator thermostats; OEM refrigerator elements and burners.; OEM refrigerator timers; PartSelect blog; PartSelect.com,Refrigerator Noise Meanings; How to Fix a Refrigerator Evaporator Fan to Solve Loud Humming Noises; Remove Food Items from Evaporator Fan; Thaw and Remove Ice from Evaporator Fan; How to Replace an Evaporator Fan Motor; How to Fix the Defrost System to Solve Frost Buildup; How to Replace a Defrost Thermostat to Fix Refrigerator Frost Buildup; How to Replace a Defrost Heater to Fix Refrigerator Frost Buildup; How to Replace a Defrost Timer to Fix Refrigerator Frost Buildup; What to Do If Your Refrigerator Continues to Hum Loudly
refrigerator-inlet-valve-guide.json,https://www.partselect.com/blog/refrigerator-inlet-valve-guide/,The Quick and Simple Guide to Your Refrigerator's Inlet Valve,"Inlet valves control the flow of water in certain fridges. Having water or ice problems? We'll show you how to locate, test, and replace your water inlet valve.",blog_article,,refrigerator inlet valve,What is an inlet valve and how does it work?; How a refrigerator water inlet valve works:; Where is the inlet valve?; How does the refrigerator inlet valve fail; Mechanical failure of the inlet valve; Electronic failure of the inlet valve; Signs your refrigerator inlet valve is faulty; Ice maker issues you might notice:; Water dispenser issues you might notice:; How to test a refrigerator inlet valve; Required Supplies; Before you get started; Step One: Testing the water supply; Step Two: Visual inspection of the inlet valve; Step Three: Testing the valve for continuity; When and how to replace a refrigerator inlet valve; How to replace a refrigerator inlet valve:
refrigerator-not-cooling.json,https://www.partselect.com/blog/refrigerator-not-cooling/,Troubleshooting a Refrigerator That Won't Cool and How to Set the Temperature,If your refrigerator is not cooling and you aren't sure why we'll help you diagnose the problem. You will need to check these components and we'll show you how to test them.,blog_article,,lights; start device; compressor; YouTube channel,Is Your Refrigerator Getting Power?; Are the Fans and Compressor Running?; The Controls; The Start Device or Relay Overload Device; Inverter Drive Style Compressors; The Compressor; How to Set the Temperature in Your Fridge
refrigerator-tripping-breaker.json,https://www.partselect.com/blog/refrigerator-tripping-breaker/,Let's Fix a Refrigerator Circuit Trip!,"Learn how to troubleshoot and fix a refrigerator that keeps tripping your circuit breaker, whether it's a bad outlet or breaker, or a part like the compressor.",blog_article,,power cord; defrost timer and control board; heater; capacitor; PartSelect blog articles,What You Need to Know about Electrical Circuits; Why is My Refrigerator Tripping the Breaker?; How To Find Out if Your Refrigerator is Tripping the Breaker; Inspect the Wall Outlet; Troubleshoot Power Issues With Your Refrigerator; How to Fix a Refrigerator that Keeps Shorting; How to Replace a Refrigerator's Defrost Timer or Heater; How to Replace a Refrigerator Compressor's Capacitor; Why Your Outlet Keeps Tripping; Improperly Routed Wire Harness; Issues with GFCI Outlets; What to Do if Your Outlet Keeps Tripping; Switch the Refrigerator Outlet; Use an Extension Cord
repair-or-replace-refrigerator-shelf.json,https://www.partselect.com/blog/repair-or-replace-refrigerator-shelf/,Everything you need to fix a fridge shelf or drawer!,"Learn how to easily repair the shelf, drawer, and glides within your refrigerator, and when to know it's time to find a replacement refrigerator shelf instead.",blog_article,,shelf; drawer and glides; rack; blogs; PartSelect.com!,"Should You Repair or Replace Refrigerator Shelves?; How to Fix a Refrigerator Shelf or Drawer; Supplies Needed; Fix Cracked or Chipped Glass and Plastic Shelves with Glue; Fix Holes or Cracks in Refrigerator Shelves with Glue, Epoxy, and Spare Plastic; How to Replace a Refrigerator Shelf; Tips For Replacing Different Refrigerator Shelf Types; Replacing a Glass Refrigerator Shelf Insert; Replacing a Glass Shelf with a Metal Frame; Replacing a Metal or Plastic Refrigerator Door Shelf; How to Maintain a Refrigerator Shelf"
samsung-refrigerator-22E-error-code.json,https://www.partselect.com/blog/samsung-refrigerator-22E-error-code/,"If your fridge display shows 22E or 22C, here’s how to resolve it","If your Samsung fridge displays a 22E error code, there is an issue with the evaporator fan. This article will explain how to fix and clear this error code.",blog_article,Troubleshooting a Samsung Fridge 22E or 22C Error Code; How to Prevent Future Samsung Fridge 22E Error Codes,OEM evaporator fan; new evaporator fan motor,Troubleshooting a Samsung Fridge 22E or 22C Error Code; How to Fix Samsung Fridge 22E Fan Issues; How to Replace the Evaporator Fan; How to Replace an Evaporator Fan Motor; How to Prevent Future Samsung Fridge 22E Error Codes; How to Replace a Door Gasket
what-does-samsung-dishwasher-blinking-heavy-mean.json,https://www.partselect.com/blog/what-does-samsung-dishwasher-blinking-heavy-mean/,"We'll tell you why it's blinking, and how to stop it!","Learn how to fix your Samsung dishwasher if the heavy light is blinking. We'll explain what a  flashing heavy light means, and how you can troubleshoot it.",blog_article,Why is Your Samsung Dishwasher Leaking?; Where is Your Samsung Dishwasher's Leak Sensor?,filter; drain hose; drain pump; inlet valve; fill hose; float switch,Why Your Samsung Dishwasher Lights are Blinking; Why is Your Samsung Dishwasher Not Draining?; How to Clean or Replace a Samsung Dishwasher Filter; How to Fix or Replace a Samsung Dishwasher Drain Hose; How to Clean or Replace a Samsung Dishwasher Drain Pump; Why is Your Samsung Dishwasher Leaking?; Where is Your Samsung Dishwasher's Leak Sensor?; How to Fix or Replace a Samsung Dishwasher Inlet Valve; How to Clean or Replace a Samsung Dishwasher Fill Hose; How to Replace a Samsung Dishwasher Float Switch
whirlpool-dishwasher-F2-error-code.json,https://www.partselect.com/blog/whirlpool-dishwasher-F2-error-code/,"If you see F2 or two flashing lights, your machine may be leaking!","If your Whirlpool dishwasher has an F2 error code, it means there is a leak. This guide will help you troubleshoot the cause and show you how to fix it.",blog_article,How to Prevent a Whirlpool Dishwasher F2 Error Code; Finding the Source of Your Whirlpool Dishwasher Leak; Parts to Inspect to Clear a Whirlpool Dishwasher F2 Error Code,replacement drain pump; replacement gasket here; replacement water inlet valve; replacement spray arm; new float switch; replace the hoses and clamps,How to Prevent a Whirlpool Dishwasher F2 Error Code; Finding the Source of Your Whirlpool Dishwasher Leak; Parts to Inspect to Clear a Whirlpool Dishwasher F2 Error Code; Drain Pump; Door Gasket; Water Inlet Valve; Spray Arm; Float and Float Switch; Hoses and Clamps
why-dishwasher-stops-mid-cycle.json,https://www.partselect.com/blog/why-dishwasher-stops-mid-cycle/,Fix mid-cycle stops and get your dishwasher running again!,"Learn why your dishwasher is stopping mid-cycle and how to repair it, whether it's an easy fix like a clogged filter, or replacing a part like the door latch.",blog_article,,switch; handle; latch; float switch; Heating elements; inlet valves; dishwasher pump; electronic control board; PartSelect.com blog,General Problems that Cause a Dishwasher to Stop Mid-Cycle; Clogged Filter and Drain Hose; Low Water Pressure; Power Failure; What Parts You Need to Replace to Fix a Dishwasher That Stops Mid-Cycle; How to Replace a Door Latch to Fix a Dishwasher That Stops Mid-Cycle; How to Clean or Replace a Float Switch to Fix a Dishwasher That Stops Mid-Cycle; How to Replace a Heating Element to Fix a Dishwasher That Stops Mid-Cycle; How to Replace an Inlet Valve to Fix a Dishwasher That Stops Mid-Cycle; How to Replace a Pump to Fix a Dishwasher That Stops Mid-Cycle; How to Replace an Electronic Control Board to Fix a Dishwasher That Stops Mid-Cycle
