filename,page_title,symptom,quick_nav_topics
AMANA-DISHWASHER-BROKEN_DOOR_LATCH.json,How To Fix A Broken Amana Dishwasher Door Latch,BROKEN DOOR LATCH,Door Latch Assembly
AMANA-DISHWASHER-LEAKING.json,How To Repair A Leaking Amana Dishwasher,LEAKING,Pump|Door Gasket|Water Inlet Valve|Dispensers & Grommets|Spray Arm|Float & Float Switch|Hose Clamps & Hoses
AMANA-DISHWASHER-NOISY.json,How To Fix A Noisy Amana Dishwasher,NOISY,Pump|Wash Arm Bearing Ring & Spray Arm Seal|Spray Arms
AMANA-DISHWASHER-NOT_CLEANING_DISHES_PROPERLY.json,How To Fix Amana Dishwasher That Won't Clean Properly,NOT CLEANING DISHES PROPERLY,Upper Discharge Housing Gasket|Spray Arm|Docking Station|Chopper|Water Inlet Valve|Water Delivery Tube|Filters|Wash Spinner|Detergent Dispenser|Heating Element|Pump Impellers
AMANA-DISHWASHER-NOT_DRAINING.json,How To A Fix Amana Dishwasher That Won't Drain,NOT DRAINING,Piston & Nut Assembly|Drain Pump & Motor|Check Valve Flapper|Belt|Timer|Drain Hose
AMANA-DISHWASHER-NOT_DRYING_PROPERLY.json,How to Fix A Amana Dishwasher That Won't Dry Properly,NOT DRYING PROPERLY,Heating Element|High Limit Thermostat|Rinse Aid Dispenser
AMANA-DISHWASHER-WILL_NOT_FILL_WITH_WATER.json,How To Fix A Amana Dishwasher That Will Not Fill With Water,WILL NOT FILL WITH WATER,Water Inlet Valve|Float|Float Switch|Door Switch
AMANA-DISHWASHER-WILL_NOT_START.json,How to Fix a Amana Dishwasher That Won’t Start,WILL NOT START,Door Latch Or Door Latch Switch|Timer Or Electronic Control|Selector Switch|Motor Start Relay|Thermal Fuse|Drive Motor
AMANA-DISHWASHER-WON'T_DISPENSE_DETERGENT.json,How to Fix A Amana Dishwasher That Won't Dispense Detergent,WON'T DISPENSE DETERGENT,Detergent & Rinse Aid Dispensers|Rinse Aid Cap|Door Spring & Hinge Pin|Wax Motor|Bi-Metal Release|Timer
AMANA_DISHWASHER.json,How To Repair A Broken Amana Dishwasher,AMANA DISHWASHER,
BOSCH-DISHWASHER-BROKEN_DOOR_LATCH.json,How To Fix A Broken Bosch Dishwasher Door Latch,BROKEN DOOR LATCH,Door Latch Assembly
BOSCH-DISHWASHER-LEAKING.json,How To Repair A Leaking Bosch Dishwasher,LEAKING,Pump|Door Gasket|Water Inlet Valve|Dispensers & Grommets|Spray Arm|Float & Float Switch|Hose Clamps & Hoses
BOSCH-DISHWASHER-NOISY.json,How To Fix A Noisy Bosch Dishwasher,NOISY,Pump|Wash Arm Bearing Ring & Spray Arm Seal|Spray Arms
BOSCH-DISHWASHER-NOT_CLEANING_DISHES_PROPERLY.json,How To Fix Bosch Dishwasher That Won't Clean Properly,NOT CLEANING DISHES PROPERLY,Upper Discharge Housing Gasket|Spray Arm|Docking Station|Chopper|Water Inlet Valve|Water Delivery Tube|Filters|Wash Spinner|Detergent Dispenser|Heating Element|Pump Impellers
BOSCH-DISHWASHER-NOT_DRAINING.json,How To A Fix Bosch Dishwasher That Won't Drain,NOT DRAINING,Piston & Nut Assembly|Drain Pump & Motor|Check Valve Flapper|Belt|Timer|Drain Hose
BOSCH-DISHWASHER-NOT_DRYING_PROPERLY.json,How to Fix A Bosch Dishwasher That Won't Dry Properly,NOT DRYING PROPERLY,Heating Element|High Limit Thermostat|Rinse Aid Dispenser
BOSCH-DISHWASHER-WILL_NOT_FILL_WITH_WATER.json,How To Fix A Bosch Dishwasher That Will Not Fill With Water,WILL NOT FILL WITH WATER,Water Inlet Valve|Float|Float Switch|Door Switch
BOSCH-DISHWASHER-WILL_NOT_START.json,How to Fix a Bosch Dishwasher That Won’t Start,WILL NOT START,Door Latch Or Door Latch Switch|Timer Or Electronic Control|Selector Switch|Motor Start Relay|Thermal Fuse|Drive Motor
BOSCH-DISHWASHER-WON'T_DISPENSE_DETERGENT.json,How to Fix A Bosch Dishwasher That Won't Dispense Detergent,WON'T DISPENSE DETERGENT,Detergent & Rinse Aid Dispensers|Rinse Aid Cap|Door Spring & Hinge Pin|Wax Motor|Bi-Metal Release|Timer
BOSCH_DISHWASHER.json,How To Repair A Broken Bosch Dishwasher,BOSCH DISHWASHER,
BROKEN_DOOR_LATCH.json,How To Fix A Broken Dishwasher Door Latch,BROKEN DOOR LATCH,Door Latch Assembly
DISPENSER_WILL_NOT_DISPENSE_WATER.json,How To A Fix Refrigerator That's Not Dispensing Water,DISPENSER WILL NOT DISPENSE WATER,Ice & Water Filter|Water Inlet Valve|Water Dispenser Actuator|Micro Switch|Dispenser Control Board
FREEZER_TOO_COLD.json,How To Fix A Refrigerator Freezer That's Too Cold,FREEZER TOO COLD,Air Damper Or Freezer Control|Temperature Sensor Or Thermistor
FRIDGE_FREEZER_TOO_WARM.json,How To Fix A Refrigerator and Freezer That's Too Warm,FRIDGE FREEZER TOO WARM,Cold Control Or Temperature Control|Evaporator Fan Motor|Electronic Control Board|Temperature Sensor Or Thermistor|Defrost Timer|Defrost Thermostat|Defrost Heater|Condenser Fan Motor
FRIDGE_TOO_COLD.json,How To Fix A Refrigerator That's Too Cold,FRIDGE TOO COLD,Air Inlet Damper Or Baffle|Temperature Sensor Or Thermistor|Main Control Board|Cold Control Or Temperature Control
FRIDGE_TOO_WARM.json,How To Fix A Refrigerator That's Too Warm,FRIDGE TOO WARM,Air Inlet Damper Or Baffle
FRIGIDAIRE-DISHWASHER-BROKEN_DOOR_LATCH.json,How To Fix A Broken Frigidaire Dishwasher Door Latch,BROKEN DOOR LATCH,Door Latch Assembly
FRIGIDAIRE-DISHWASHER-LEAKING.json,How To Repair A Leaking Frigidaire Dishwasher,LEAKING,Pump|Door Gasket|Water Inlet Valve|Dispensers & Grommets|Spray Arm|Float & Float Switch|Hose Clamps & Hoses
FRIGIDAIRE-DISHWASHER-NOISY.json,How To Fix A Noisy Frigidaire Dishwasher,NOISY,Pump|Wash Arm Bearing Ring & Spray Arm Seal|Spray Arms
FRIGIDAIRE-DISHWASHER-NOT_CLEANING_DISHES_PROPERLY.json,How To Fix Frigidaire Dishwasher That Won't Clean Properly,NOT CLEANING DISHES PROPERLY,Upper Discharge Housing Gasket|Spray Arm|Docking Station|Chopper|Water Inlet Valve|Water Delivery Tube|Filters|Wash Spinner|Detergent Dispenser|Heating Element|Pump Impellers
FRIGIDAIRE-DISHWASHER-NOT_DRAINING.json,How To A Fix Frigidaire Dishwasher That Won't Drain,NOT DRAINING,Piston & Nut Assembly|Drain Pump & Motor|Check Valve Flapper|Belt|Timer|Drain Hose
FRIGIDAIRE-DISHWASHER-NOT_DRYING_PROPERLY.json,How to Fix A Frigidaire Dishwasher That Won't Dry Properly,NOT DRYING PROPERLY,Heating Element|High Limit Thermostat|Rinse Aid Dispenser
FRIGIDAIRE-DISHWASHER-WILL_NOT_FILL_WITH_WATER.json,How To Fix A Frigidaire Dishwasher That Will Not Fill With Water,WILL NOT FILL WITH WATER,Water Inlet Valve|Float|Float Switch|Door Switch
FRIGIDAIRE-DISHWASHER-WILL_NOT_START.json,How to Fix a Frigidaire Dishwasher That Won’t Start,WILL NOT START,Door Latch Or Door Latch Switch|Timer Or Electronic Control|Selector Switch|Motor Start Relay|Thermal Fuse|Drive Motor
FRIGIDAIRE-DISHWASHER-WON'T_DISPENSE_DETERGENT.json,How to Fix A Frigidaire Dishwasher That Won't Dispense Detergent,WON'T DISPENSE DETERGENT,Detergent & Rinse Aid Dispensers|Rinse Aid Cap|Door Spring & Hinge Pin|Wax Motor|Bi-Metal Release|Timer
FRIGIDAIRE_DISHWASHER.json,How To Repair A Broken Frigidaire Dishwasher,FRIGIDAIRE DISHWASHER,
GE-DISHWASHER-BROKEN_DOOR_LATCH.json,How To Fix A Broken GE Dishwasher Door Latch,BROKEN DOOR LATCH,Door Latch Assembly
GE-DISHWASHER-LEAKING.json,How To Repair A Leaking GE Dishwasher,LEAKING,Pump|Door Gasket|Water Inlet Valve|Dispensers & Grommets|Spray Arm|Float & Float Switch|Hose Clamps & Hoses
GE-DISHWASHER-NOISY.json,How To Fix A Noisy GE Dishwasher,NOISY,Pump|Wash Arm Bearing Ring & Spray Arm Seal|Spray Arms
GE-DISHWASHER-NOT_CLEANING_DISHES_PROPERLY.json,How To Fix GE Dishwasher That Won't Clean Properly,NOT CLEANING DISHES PROPERLY,Upper Discharge Housing Gasket|Spray Arm|Docking Station|Chopper|Water Inlet Valve|Water Delivery Tube|Filters|Wash Spinner|Detergent Dispenser|Heating Element|Pump Impellers
GE-DISHWASHER-NOT_DRAINING.json,How To A Fix GE Dishwasher That Won't Drain,NOT DRAINING,Piston & Nut Assembly|Drain Pump & Motor|Check Valve Flapper|Belt|Timer|Drain Hose
GE-DISHWASHER-NOT_DRYING_PROPERLY.json,How to Fix A GE Dishwasher That Won't Dry Properly,NOT DRYING PROPERLY,Heating Element|High Limit Thermostat|Rinse Aid Dispenser
GE-DISHWASHER-WILL_NOT_FILL_WITH_WATER.json,How To Fix A GE Dishwasher That Will Not Fill With Water,WILL NOT FILL WITH WATER,Water Inlet Valve|Float|Float Switch|Door Switch
GE-DISHWASHER-WILL_NOT_START.json,How to Fix a GE Dishwasher That Won’t Start,WILL NOT START,Door Latch Or Door Latch Switch|Timer Or Electronic Control|Selector Switch|Motor Start Relay|Thermal Fuse|Drive Motor
GE-DISHWASHER-WON'T_DISPENSE_DETERGENT.json,How to Fix A GE Dishwasher That Won't Dispense Detergent,WON'T DISPENSE DETERGENT,Detergent & Rinse Aid Dispensers|Rinse Aid Cap|Door Spring & Hinge Pin|Wax Motor|Bi-Metal Release|Timer
GE_DISHWASHER.json,How To Repair A Broken GE Dishwasher,GE DISHWASHER,
KENMORE-DISHWASHER-BROKEN_DOOR_LATCH.json,How To Fix A Broken Kenmore Dishwasher Door Latch,BROKEN DOOR LATCH,Door Latch Assembly
KENMORE-DISHWASHER-LEAKING.json,How To Repair A Leaking Kenmore Dishwasher,LEAKING,Pump|Door Gasket|Water Inlet Valve|Dispensers & Grommets|Spray Arm|Float & Float Switch|Hose Clamps & Hoses
KENMORE-DISHWASHER-NOISY.json,How To Fix A Noisy Kenmore Dishwasher,NOISY,Pump|Wash Arm Bearing Ring & Spray Arm Seal|Spray Arms
KENMORE-DISHWASHER-NOT_CLEANING_DISHES_PROPERLY.json,How To Fix Kenmore Dishwasher That Won't Clean Properly,NOT CLEANING DISHES PROPERLY,Upper Discharge Housing Gasket|Spray Arm|Docking Station|Chopper|Water Inlet Valve|Water Delivery Tube|Filters|Wash Spinner|Detergent Dispenser|Heating Element|Pump Impellers
KENMORE-DISHWASHER-NOT_DRAINING.json,How To A Fix Kenmore Dishwasher That Won't Drain,NOT DRAINING,Piston & Nut Assembly|Drain Pump & Motor|Check Valve Flapper|Belt|Timer|Drain Hose
KENMORE-DISHWASHER-NOT_DRYING_PROPERLY.json,How to Fix A Kenmore Dishwasher That Won't Dry Properly,NOT DRYING PROPERLY,Heating Element|High Limit Thermostat|Rinse Aid Dispenser
KENMORE-DISHWASHER-WILL_NOT_FILL_WITH_WATER.json,How To Fix A Kenmore Dishwasher That Will Not Fill With Water,WILL NOT FILL WITH WATER,Water Inlet Valve|Float|Float Switch|Door Switch
KENMORE-DISHWASHER-WILL_NOT_START.json,How to Fix a Kenmore Dishwasher That Won’t Start,WILL NOT START,Door Latch Or Door Latch Switch|Timer Or Electronic Control|Selector Switch|Motor Start Relay|Thermal Fuse|Drive Motor
KENMORE-DISHWASHER-WON'T_DISPENSE_DETERGENT.json,How to Fix A Kenmore Dishwasher That Won't Dispense Detergent,WON'T DISPENSE DETERGENT,Detergent & Rinse Aid Dispensers|Rinse Aid Cap|Door Spring & Hinge Pin|Wax Motor|Bi-Metal Release|Timer
KENMORE_DISHWASHER.json,How To Repair A Broken Kenmore Dishwasher,KENMORE DISHWASHER,
KITCHENAID-DISHWASHER-BROKEN_DOOR_LATCH.json,How To Fix A Broken Kitchenaid Dishwasher Door Latch,BROKEN DOOR LATCH,Door Latch Assembly
KITCHENAID-DISHWASHER-LEAKING.json,How To Repair A Leaking Kitchenaid Dishwasher,LEAKING,Pump|Door Gasket|Water Inlet Valve|Dispensers & Grommets|Spray Arm|Float & Float Switch|Hose Clamps & Hoses
KITCHENAID-DISHWASHER-NOISY.json,How To Fix A Noisy Kitchenaid Dishwasher,NOISY,Pump|Wash Arm Bearing Ring & Spray Arm Seal|Spray Arms
KITCHENAID-DISHWASHER-NOT_CLEANING_DISHES_PROPERLY.json,How To Fix Kitchenaid Dishwasher That Won't Clean Properly,NOT CLEANING DISHES PROPERLY,Upper Discharge Housing Gasket|Spray Arm|Docking Station|Chopper|Water Inlet Valve|Water Delivery Tube|Filters|Wash Spinner|Detergent Dispenser|Heating Element|Pump Impellers
KITCHENAID-DISHWASHER-NOT_DRAINING.json,How To A Fix Kitchenaid Dishwasher That Won't Drain,NOT DRAINING,Piston & Nut Assembly|Drain Pump & Motor|Check Valve Flapper|Belt|Timer|Drain Hose
KITCHENAID-DISHWASHER-NOT_DRYING_PROPERLY.json,How to Fix A Kitchenaid Dishwasher That Won't Dry Properly,NOT DRYING PROPERLY,Heating Element|High Limit Thermostat|Rinse Aid Dispenser
KITCHENAID-DISHWASHER-WILL_NOT_FILL_WITH_WATER.json,How To Fix A Kitchenaid Dishwasher That Will Not Fill With Water,WILL NOT FILL WITH WATER,Water Inlet Valve|Float|Float Switch|Door Switch
KITCHENAID-DISHWASHER-WILL_NOT_START.json,How to Fix a Kitchenaid Dishwasher That Won’t Start,WILL NOT START,Door Latch Or Door Latch Switch|Timer Or Electronic Control|Selector Switch|Motor Start Relay|Thermal Fuse|Drive Motor
KITCHENAID-DISHWASHER-WON'T_DISPENSE_DETERGENT.json,How to Fix A Kitchenaid Dishwasher That Won't Dispense Detergent,WON'T DISPENSE DETERGENT,Detergent & Rinse Aid Dispensers|Rinse Aid Cap|Door Spring & Hinge Pin|Wax Motor|Bi-Metal Release|Timer
KITCHENAID_DISHWASHER.json,How To Repair A Broken Kitchenaid Dishwasher,KITCHENAID DISHWASHER,
LEAKING - dishwasher.json,How To Repair A Leaking Dishwasher,LEAKING,Pump|Door Gasket|Water Inlet Valve|Dispensers & Grommets|Spray Arm|Float & Float Switch|Hose Clamps & Hoses
LEAKING.json,How To Fix Leaking Refrigerator,LEAKING,Door Gaskets Or Seals|Water Inlet Valve|Ice Maker Assembly
LG-DISHWASHER-BROKEN_DOOR_LATCH.json,How To Fix A Broken LG Dishwasher Door Latch,BROKEN DOOR LATCH,Door Latch Assembly
LG-DISHWASHER-LEAKING.json,How To Repair A Leaking LG Dishwasher,LEAKING,Pump|Door Gasket|Water Inlet Valve|Dispensers & Grommets|Spray Arm|Float & Float Switch|Hose Clamps & Hoses
LG-DISHWASHER-NOISY.json,How To Fix A Noisy LG Dishwasher,NOISY,Pump|Wash Arm Bearing Ring & Spray Arm Seal|Spray Arms
LG-DISHWASHER-NOT_CLEANING_DISHES_PROPERLY.json,How To Fix LG Dishwasher That Won't Clean Properly,NOT CLEANING DISHES PROPERLY,Upper Discharge Housing Gasket|Spray Arm|Docking Station|Chopper|Water Inlet Valve|Water Delivery Tube|Filters|Wash Spinner|Detergent Dispenser|Heating Element|Pump Impellers
LG-DISHWASHER-NOT_DRAINING.json,How To A Fix LG Dishwasher That Won't Drain,NOT DRAINING,Piston & Nut Assembly|Drain Pump & Motor|Check Valve Flapper|Belt|Timer|Drain Hose
LG-DISHWASHER-NOT_DRYING_PROPERLY.json,How to Fix A LG Dishwasher That Won't Dry Properly,NOT DRYING PROPERLY,Heating Element|High Limit Thermostat|Rinse Aid Dispenser
LG-DISHWASHER-WILL_NOT_FILL_WITH_WATER.json,How To Fix A LG Dishwasher That Will Not Fill With Water,WILL NOT FILL WITH WATER,Water Inlet Valve|Float|Float Switch|Door Switch
LG-DISHWASHER-WILL_NOT_START.json,How to Fix a LG Dishwasher That Won’t Start,WILL NOT START,Door Latch Or Door Latch Switch|Timer Or Electronic Control|Selector Switch|Motor Start Relay|Thermal Fuse|Drive Motor
LG-DISHWASHER-WON'T_DISPENSE_DETERGENT.json,How to Fix A LG Dishwasher That Won't Dispense Detergent,WON'T DISPENSE DETERGENT,Detergent & Rinse Aid Dispensers|Rinse Aid Cap|Door Spring & Hinge Pin|Wax Motor|Bi-Metal Release|Timer
LG_DISHWASHER.json,How To Repair A Broken LG Dishwasher,LG DISHWASHER,
LIGHT_WON'T_TURN_ON.json,How To Fix A Refrigerator Light That's Not Working,LIGHT WON'T TURN ON,Light Bulb Or Lamp|Light Sockets|Door Light Switch|Light Bulb & Ice Dispenser
MAYTAG-DISHWASHER-BROKEN_DOOR_LATCH.json,How To Fix A Broken Maytag Dishwasher Door Latch,BROKEN DOOR LATCH,Door Latch Assembly
MAYTAG-DISHWASHER-LEAKING.json,How To Repair A Leaking Maytag Dishwasher,LEAKING,Pump|Door Gasket|Water Inlet Valve|Dispensers & Grommets|Spray Arm|Float & Float Switch|Hose Clamps & Hoses
MAYTAG-DISHWASHER-NOISY.json,How To Fix A Noisy Maytag Dishwasher,NOISY,Pump|Wash Arm Bearing Ring & Spray Arm Seal|Spray Arms
MAYTAG-DISHWASHER-NOT_CLEANING_DISHES_PROPERLY.json,How To Fix Maytag Dishwasher That Won't Clean Properly,NOT CLEANING DISHES PROPERLY,Upper Discharge Housing Gasket|Spray Arm|Docking Station|Chopper|Water Inlet Valve|Water Delivery Tube|Filters|Wash Spinner|Detergent Dispenser|Heating Element|Pump Impellers
MAYTAG-DISHWASHER-NOT_DRAINING.json,How To A Fix Maytag Dishwasher That Won't Drain,NOT DRAINING,Piston & Nut Assembly|Drain Pump & Motor|Check Valve Flapper|Belt|Timer|Drain Hose
MAYTAG-DISHWASHER-NOT_DRYING_PROPERLY.json,How to Fix A Maytag Dishwasher That Won't Dry Properly,NOT DRYING PROPERLY,Heating Element|High Limit Thermostat|Rinse Aid Dispenser
MAYTAG-DISHWASHER-WILL_NOT_FILL_WITH_WATER.json,How To Fix A Maytag Dishwasher That Will Not Fill With Water,WILL NOT FILL WITH WATER,Water Inlet Valve|Float|Float Switch|Door Switch
MAYTAG-DISHWASHER-WILL_NOT_START.json,How to Fix a Maytag Dishwasher That Won’t Start,WILL NOT START,Door Latch Or Door Latch Switch|Timer Or Electronic Control|Selector Switch|Motor Start Relay|Thermal Fuse|Drive Motor
MAYTAG-DISHWASHER-WON'T_DISPENSE_DETERGENT.json,How to Fix A Maytag Dishwasher That Won't Dispense Detergent,WON'T DISPENSE DETERGENT,Detergent & Rinse Aid Dispensers|Rinse Aid Cap|Door Spring & Hinge Pin|Wax Motor|Bi-Metal Release|Timer
MAYTAG_DISHWASHER.json,How To Repair A Broken Maytag Dishwasher,MAYTAG DISHWASHER,
NOISY.json,How To Fix A Noisy Dishwasher,NOISY,Pump|Wash Arm Bearing Ring & Spray Arm Seal|Spray Arms
NOT_CLEANING_DISHES_PROPERLY.json,How To Fix Dishwasher That Won't Clean Properly,NOT CLEANING DISHES PROPERLY,Upper Discharge Housing Gasket|Spray Arm|Docking Station|Chopper|Water Inlet Valve|Water Delivery Tube|Filters|Wash Spinner|Detergent Dispenser|Heating Element|Pump Impellers
NOT_DISPENSING_ICE.json,How To Fix A Refrigerator That's Not Dispensing Ice,NOT DISPENSING ICE,Ice Bucket Auger Motor|Ice Dispenser Actuator|Micro Switch|Dispenser Control Board
NOT_DRAINING.json,How To Fix A Dishwasher That Won't Drain,NOT DRAINING,Piston & Nut Assembly|Drain Pump & Motor|Check Valve Flapper|Belt|Timer|Drain Hose
NOT_DRYING_PROPERLY.json,How to Fix A Dishwasher That Won't Dry Properly,NOT DRYING PROPERLY,Heating Element|High Limit Thermostat|Rinse Aid Dispenser
REFRIGERATOR.json,How To Repair A Broken Refrigerator,REFRIGERATOR,
RUNNING_TOO_LONG.json,How To Fix A Refrigerator That's Running Too Long,RUNNING TOO LONG,Defrost Timer|Defrost Heater|Defrost Termination Thermostat|Fresh & Freezer Door Gaskets|Condenser Fan Motor|Evaporator Fan Motor|Sealed System
SAMSUNG-DISHWASHER-BROKEN_DOOR_LATCH.json,How To Fix A Broken Samsung Dishwasher Door Latch,BROKEN DOOR LATCH,Door Latch Assembly
SAMSUNG-DISHWASHER-LEAKING.json,How To Repair A Leaking Samsung Dishwasher,LEAKING,Pump|Door Gasket|Water Inlet Valve|Dispensers & Grommets|Spray Arm|Float & Float Switch|Hose Clamps & Hoses
SAMSUNG-DISHWASHER-NOISY.json,How To Fix A Noisy Samsung Dishwasher,NOISY,Pump|Wash Arm Bearing Ring & Spray Arm Seal|Spray Arms
SAMSUNG-DISHWASHER-NOT_CLEANING_DISHES_PROPERLY.json,How To Fix Samsung Dishwasher That Won't Clean Properly,NOT CLEANING DISHES PROPERLY,Upper Discharge Housing Gasket|Spray Arm|Docking Station|Chopper|Water Inlet Valve|Water Delivery Tube|Filters|Wash Spinner|Detergent Dispenser|Heating Element|Pump Impellers
SAMSUNG-DISHWASHER-NOT_DRAINING.json,How To A Fix Samsung Dishwasher That Won't Drain,NOT DRAINING,Piston & Nut Assembly|Drain Pump & Motor|Check Valve Flapper|Belt|Timer|Drain Hose
SAMSUNG-DISHWASHER-NOT_DRYING_PROPERLY.json,How to Fix A Samsung Dishwasher That Won't Dry Properly,NOT DRYING PROPERLY,Heating Element|High Limit Thermostat|Rinse Aid Dispenser
SAMSUNG-DISHWASHER-WILL_NOT_FILL_WITH_WATER.json,How To Fix A Samsung Dishwasher That Will Not Fill With Water,WILL NOT FILL WITH WATER,Water Inlet Valve|Float|Float Switch|Door Switch
SAMSUNG-DISHWASHER-WILL_NOT_START.json,How to Fix a Samsung Dishwasher That Won’t Start,WILL NOT START,Door Latch Or Door Latch Switch|Timer Or Electronic Control|Selector Switch|Motor Start Relay|Thermal Fuse|Drive Motor
SAMSUNG-DISHWASHER-WON'T_DISPENSE_DETERGENT.json,How to Fix A Samsung Dishwasher That Won't Dispense Detergent,WON'T DISPENSE DETERGENT,Detergent & Rinse Aid Dispensers|Rinse Aid Cap|Door Spring & Hinge Pin|Wax Motor|Bi-Metal Release|Timer
SAMSUNG_DISHWASHER.json,How To Repair A Broken Samsung Dishwasher,SAMSUNG DISHWASHER,
SWEATING_DOOR.json,How To Fix A Refrigerator Door That's Sweating,SWEATING DOOR,Fresh Food & Freezer Door Gasket|Dispenser Door Assembly or Flapper & Ice Door Kit|Door Closure Cam Kit|Door Hinge & Bearing
TOO_NOISY.json,How To Fix A Noisy Refrigerator,TOO NOISY,Condenser Fan Motor|Evaporator Fan Motor|Evaporator Fan Motor Grommet
WHIRLPOOL-DISHWASHER-BROKEN_DOOR_LATCH.json,How To Fix A Broken Whirlpool Dishwasher Door Latch,BROKEN DOOR LATCH,Door Latch Assembly
WHIRLPOOL-DISHWASHER-LEAKING.json,How To Repair A Leaking Whirlpool Dishwasher,LEAKING,Pump|Door Gasket|Water Inlet Valve|Dispensers & Grommets|Spray Arm|Float & Float Switch|Hose Clamps & Hoses
WHIRLPOOL-DISHWASHER-NOISY.json,How To Fix A Noisy Whirlpool Dishwasher,NOISY,Pump|Wash Arm Bearing Ring & Spray Arm Seal|Spray Arms
WHIRLPOOL-DISHWASHER-NOT_CLEANING_DISHES_PROPERLY.json,How To Fix Whirlpool Dishwasher That Won't Clean Properly,NOT CLEANING DISHES PROPERLY,Upper Discharge Housing Gasket|Spray Arm|Docking Station|Chopper|Water Inlet Valve|Water Delivery Tube|Filters|Wash Spinner|Detergent Dispenser|Heating Element|Pump Impellers
WHIRLPOOL-DISHWASHER-NOT_DRAINING.json,How To A Fix Whirlpool Dishwasher That Won't Drain,NOT DRAINING,Piston & Nut Assembly|Drain Pump & Motor|Check Valve Flapper|Belt|Timer|Drain Hose
WHIRLPOOL-DISHWASHER-NOT_DRYING_PROPERLY.json,How to Fix A Whirlpool Dishwasher That Won't Dry Properly,NOT DRYING PROPERLY,Heating Element|High Limit Thermostat|Rinse Aid Dispenser
WHIRLPOOL-DISHWASHER-WILL_NOT_FILL_WITH_WATER.json,How To Fix A Whirlpool Dishwasher That Will Not Fill With Water,WILL NOT FILL WITH WATER,Water Inlet Valve|Float|Float Switch|Door Switch
WHIRLPOOL-DISHWASHER-WILL_NOT_START.json,How to Fix a Whirlpool Dishwasher That Won’t Start,WILL NOT START,Door Latch Or Door Latch Switch|Timer Or Electronic Control|Selector Switch|Motor Start Relay|Thermal Fuse|Drive Motor
WHIRLPOOL-DISHWASHER-WON'T_DISPENSE_DETERGENT.json,How to Fix A Whirlpool Dishwasher That Won't Dispense Detergent,WON'T DISPENSE DETERGENT,Detergent & Rinse Aid Dispensers|Rinse Aid Cap|Door Spring & Hinge Pin|Wax Motor|Bi-Metal Release|Timer
WHIRLPOOL_DISHWASHER.json,How To Repair A Broken Whirlpool Dishwasher,WHIRLPOOL DISHWASHER,
WILL_NOT_FILL_WITH_WATER.json,How To Fix A Dishwasher That Will Not Fill With Water,WILL NOT FILL WITH WATER,Water Inlet Valve|Float|Float Switch|Door Switch
WILL_NOT_MAKE_ICE.json,How To Fix A Refrigerator That's Not Making Ice,WILL NOT MAKE ICE,Water Fill Tubes|Water Inlet Valve|Ice & Water Filter|Ice Maker Assembly & Replacement Ice Maker
WILL_NOT_START - dishwasher.json,How to Fix a Dishwasher That Won’t Start,WILL NOT START,Door Latch Or Door Latch Switch|Timer Or Electronic Control|Selector Switch|Motor Start Relay|Thermal Fuse|Drive Motor
WILL_NOT_START.json,How To Fix A Refrigerator That Will Not Start,WILL NOT START,Overload Or Relay-Start Capacitor|Cold Control & Temperature Control|Electronic Control Board
WON'T_DISPENSE_DETERGENT.json,How to Fix A Dishwasher That Won't Dispense Detergent,WON'T DISPENSE DETERGENT,Detergent & Rinse Aid Dispensers|Rinse Aid Cap|Door Spring & Hinge Pin|Wax Motor|Bi-Metal Release|Timer
